Family,Model,Order,Seasonal_Order,Protocol,AIC,BIC,MAE,RMSE,MAPE,Convergence
SARIMAX,"SARIMAX(1, 1, 1)x(1, 1, 1, 7)","(1, 1, 1)","(1, 1, 1, 7)",rolling_one_step_refit_false,27734.07777127864,27761.325261305556,619.3768058286748,1222.8489456598231,2.572304367758876,OK
SARIMAX,"SARIMAX(2, 1, 1)x(1, 1, 1, 7)","(2, 1, 1)","(1, 1, 1, 7)",rolling_one_step_refit_false,27726.789899329273,27759.48688736157,608.2216546440651,1223.8481118954926,2.5286840847451773,OK
SARIMAX,"SARIMAX(0, 1, 1)x(0, 1, 1, 7)","(0, 1, 1)","(0, 1, 1, 7)",rolling_one_step_refit_false,27766.538775396395,27782.887269412542,574.7411271084158,1237.4257919114048,2.416837435102282,OK
SARIMAX,"SARIMAX(1, 1, 0)x(1, 1, 0, 7)","(1, 1, 0)","(1, 1, 0, 7)",rolling_one_step_refit_false,27975.144371011516,27991.49460972094,596.6109415014764,1334.3116110406463,2.4571855070114994,OK
Baseline,Seasonal-Naive (7 days ago),-,-,rolling_one_step_reference,baseline_reference,baseline_reference,1154.6444444444444,2674.646115740257,4.748864737919413,reference
ARIMA,"ARIMA(2, 0, 1)","(2, 0, 1)",-,rolling_one_step_refit_false,33420.77027937694,33448.06121016364,2959.864569231047,3865.417352254436,11.708834376869362,OK
ARIMA,"ARIMA(1, 1, 1)","(1, 1, 1)",-,rolling_one_step_refit_false,33412.25392720728,33428.62675507643,2954.5477604899784,3881.5476874971387,11.736622075816685,OK
ARIMA,"ARIMA(2, 1, 1)","(2, 1, 1)",-,rolling_one_step_refit_false,33476.19090470484,33498.0213418637,2984.876791639326,3953.214178747103,12.003689737167003,OK
ARIMA,"ARIMA(1, 0, 1)","(1, 0, 1)",-,rolling_one_step_refit_false,33475.4983702386,33497.331114867964,3284.062244541582,4002.2636947740502,12.822103328249353,OK
ARIMA,"ARIMA(0, 1, 1)","(0, 1, 1)",-,rolling_one_step_refit_false,33468.82721932797,33479.7424379074,3294.0096607189857,4019.591081694067,12.893886864307394,OK
ARIMA,"ARIMA(1, 0, 0)","(1, 0, 0)",-,rolling_one_step_refit_false,33871.63618711219,33888.01247518934,3046.2221533306674,4110.835939614464,11.887152225782508,OK
ARIMA,"ARIMA(1, 1, 0)","(1, 1, 0)",-,rolling_one_step_refit_false,33870.27420868511,33881.190580999784,2926.0289625817736,4231.595309227653,11.727757074021827,OK
Baseline,Naive (yesterday),-,-,rolling_one_step_reference,baseline_reference,baseline_reference,3108.0777777777776,4500.752414874651,12.66351824153929,reference
