date,residual
2013-01-09,4495.411204149406
2013-01-10,1297.822806554601
2013-01-11,760.8736440989724
2013-01-12,1167.0447113103291
2013-01-13,728.860743910227
2013-01-14,-1140.8425189182635
2013-01-15,-993.329934139665
2013-01-16,359.3443995282996
2013-01-17,755.6415477602204
2013-01-18,292.5776610905232
2013-01-19,404.47238934955385
2013-01-20,724.14691947358
2013-01-21,-297.53777281625844
2013-01-22,-204.48774183543173
2013-01-23,65.64543529674847
2013-01-24,287.0572402298076
2013-01-25,451.95286475664943
2013-01-26,353.23645371239763
2013-01-27,142.31380044292746
2013-01-28,89.22598282278159
2013-01-29,-183.33790317330568
2013-01-30,-163.07377349458693
2013-01-31,647.2273865356183
2013-02-01,1879.009955485255
2013-02-02,172.37827830764581
2013-02-03,298.642598392973
2013-02-04,-706.0088470541905
2013-02-05,2.8475892447422666
2013-02-06,413.8391285320031
2013-02-07,70.77338576055445
2013-02-08,-232.32681667808356
2013-02-09,226.85974278074355
2013-02-10,52.712067586435296
2013-02-11,-430.07221171869605
2013-02-12,252.42183197152917
2013-02-13,235.3615970568444
2013-02-14,143.17929655699663
2013-02-15,-382.325627475926
2013-02-16,32.54217086596691
2013-02-17,20.061181297427538
2013-02-18,-331.42598595457093
2013-02-19,464.65324290309036
2013-02-20,-432.97712932029026
2013-02-21,394.2090016184047
2013-02-22,-335.6374046418059
2013-02-23,184.18994146025943
2013-02-24,-11.777895600102056
2013-02-25,35.01738890526212
2013-02-26,-83.42671496940784
2013-02-27,-7.153573795081684
2013-02-28,42.500342924759025
2013-03-01,3492.7118843781755
2013-03-02,362.26703780421303
2013-03-03,285.06635337000625
2013-03-04,-912.7437781958142
2013-03-05,390.86271625450536
2013-03-06,564.7724657302424
2013-03-07,-186.2239094082579
2013-03-08,-960.3754771732165
2013-03-09,362.5549447657904
2013-03-10,184.87040839065958
2013-03-11,-982.3716285295741
2013-03-12,433.7514289461178
2013-03-13,460.1386143160671
2013-03-14,-33.79785877151153
2013-03-15,-991.9652255623478
2013-03-16,362.0191637409771
2013-03-17,78.47853514311282
2013-03-18,-413.18046542833326
2013-03-19,188.15181299442702
2013-03-20,-274.2769384387284
2013-03-21,274.5136031323418
2013-03-22,-438.26830124592743
2013-03-23,11.216535474744887
2013-03-24,1.9147147756739287
2013-03-25,-120.31070835375067
2013-03-26,88.35584087972893
2013-03-27,-105.90284291264834
2013-03-28,321.59607762196174
2013-03-29,-666.6729772255821
2013-03-30,246.97611517677797
2013-03-31,54.093527275261295
2013-04-01,2243.9593095098953
2013-04-02,532.9345011448859
2013-04-03,41.12461619226451
2013-04-04,601.6571378770459
2013-04-05,111.8657562098997
2013-04-06,379.58476568805054
2013-04-07,335.63650950927695
2013-04-08,-2229.896476875074
2013-04-09,437.81166549872796
2013-04-10,103.95360403771338
2013-04-11,374.34794491630964
2013-04-12,-36.81460672400135
2013-04-13,140.17765112316556
2013-04-14,434.6912347066318
2013-04-15,-1691.8458213432496
2013-04-16,393.8801000758722
2013-04-17,-197.66068529059703
2013-04-18,21.116574891872006
2013-04-19,-44.517618019803194
2013-04-20,-70.96696254488779
2013-04-21,462.4676997644674
2013-04-22,-676.6638575628058
2013-04-23,-104.0260262885713
2013-04-24,35.07456320553683
2013-04-25,-467.5063831102234
2013-04-26,384.52320325476467
2013-04-27,-468.21298446721266
2013-04-28,473.37757253950986
2013-04-29,-835.0317784903964
2013-04-30,102.55652999621088
2013-05-01,1684.441469167832
2013-05-02,176.19776796478618
2013-05-03,86.14542987569075
2013-05-04,468.5926887519163
2013-05-05,-151.33111693993123
2013-05-06,-801.3985615010351
2013-05-07,194.6761312051858
2013-05-08,-449.5658817190051
2013-05-09,12.761207669002033
2013-05-10,104.3006702797029
2013-05-11,78.97057991704423
2013-05-12,-303.74697118456606
2013-05-13,-362.05069610174905
2013-05-14,387.323265988558
2013-05-15,-580.0269188023485
2013-05-16,-53.26381214870344
2013-05-17,-72.9583987214246
2013-05-18,212.09924049269102
2013-05-19,-89.10671316683147
2013-05-20,-172.95156702319946
2013-05-21,-159.22794262480966
2013-05-22,-53.0056757681632
2013-05-23,-61.497601790571935
2013-05-24,-64.00446825991094
2013-05-25,200.01499104355753
2013-05-26,140.90377785331293
2013-05-27,-540.1830500206997
2013-05-28,-29.94261268037735
2013-05-29,-166.4254512846892
2013-05-30,-221.8938755721756
2013-05-31,232.04403614274634
2013-06-01,1343.6691027850648
2013-06-02,447.3265062561768
2013-06-03,-776.404174815747
2013-06-04,42.62597304494557
2013-06-05,125.48156720402403
2013-06-06,457.2119748797304
2013-06-07,1.988503016775212
2013-06-08,-461.1042974112752
2013-06-09,-321.2169046117415
2013-06-10,-32.712742488158256
2013-06-11,449.3831059747863
2013-06-12,-529.8592681855844
2013-06-13,-57.274037026134465
2013-06-14,167.39015815216771
2013-06-15,-394.9513827083065
2013-06-16,64.77228421167456
2013-06-17,-503.0175463790074
2013-06-18,186.34622451510222
2013-06-19,-243.83245763987725
2013-06-20,324.2337178350572
2013-06-21,-143.62011093970796
2013-06-22,-210.65123718380346
2013-06-23,229.8861360861556
2013-06-24,-223.83698804771848
2013-06-25,-511.566184471616
2013-06-26,350.42533130307856
2013-06-27,118.17185149945726
2013-06-28,-405.83224182867343
2013-06-29,-87.7362169023072
2013-06-30,-90.66796605548734
2013-07-01,1148.8027377289582
2013-07-02,308.4473489314114
2013-07-03,84.08378181642911
2013-07-04,-45.76342375539389
2013-07-05,354.5818043711661
2013-07-06,-50.639490599522105
2013-07-07,-18.884173956779705
2013-07-08,-584.4963883028067
2013-07-09,33.80399003878483
2013-07-10,-282.4060122626033
2013-07-11,449.13935647817925
2013-07-12,115.50953430030131
2013-07-13,85.30154720827704
2013-07-14,-211.55150347887684
2013-07-15,-885.4820561433407
2013-07-16,246.85865792440745
2013-07-17,-303.2619253151097
2013-07-18,-45.488581900259305
2013-07-19,437.86890380459226
2013-07-20,-312.52355959062334
2013-07-21,113.83197453228058
2013-07-22,-546.3302526282678
2013-07-23,-175.84099643081208
2013-07-24,410.39412633164466
2013-07-25,-366.3631126397049
2013-07-26,32.38125584320005
2013-07-27,306.30635812133914
2013-07-28,-253.20470439719065
2013-07-29,-463.9114954644938
2013-07-30,104.41926153378154
2013-07-31,-345.7540396485965
2013-08-01,-3502.8305831853286
2013-08-02,-81.1785668505945
2013-08-03,-444.7148657086327
2013-08-04,-558.849334449129
2013-08-05,998.0289356942994
2013-08-06,-890.5348117679387
2013-08-07,-518.28757816906
2013-08-08,1040.3675420845502
2013-08-09,-648.8820976169591
2013-08-10,-426.4329938728879
2013-08-11,-41.5577551815295
2013-08-12,606.772058682709
2013-08-13,-623.0520123242932
2013-08-14,35.11540643813714
2013-08-15,595.4782892334479
2013-08-16,-74.34456150882761
2013-08-17,-201.24443634045383
2013-08-18,-473.8125042603533
2013-08-19,147.96185726972544
2013-08-20,64.95757793201847
2013-08-21,-156.63585493776918
2013-08-22,421.6733398395518
2013-08-23,-664.3208385108264
2013-08-24,218.53804992063306
2013-08-25,-395.9127596495382
2013-08-26,327.25058222932057
2013-08-27,-47.20440865963974
2013-08-28,-24.388022527389694
2013-08-29,-154.88944449059636
2013-08-30,291.8442381550085
2013-08-31,-584.7206978931426
2013-09-01,-1619.8131791527012
2013-09-02,842.2167826745135
2013-09-03,-703.2366464143088
2013-09-04,-371.85593991499263
2013-09-05,-52.634346538943646
2013-09-06,-201.12757648973638
2013-09-07,-311.3229243730202
2013-09-08,435.7471413710846
2013-09-09,81.73368487367043
2013-09-10,68.7347906241921
2013-09-11,-257.7180725117687
2013-09-12,-106.01525606802898
2013-09-13,-278.35580842467243
2013-09-14,-80.05435732296246
2013-09-15,281.1970178147385
2013-09-16,348.8924477819346
2013-09-17,-849.051416724571
2013-09-18,588.9814133859072
2013-09-19,71.34128339612289
2013-09-20,-502.8169972552241
2013-09-21,94.13793537891252
2013-09-22,235.88175656319436
2013-09-23,-130.76052609011458
2013-09-24,-42.21629671716437
2013-09-25,58.99610025875518
2013-09-26,-430.9129515174063
2013-09-27,165.3981949854351
2013-09-28,-583.7643786998888
2013-09-29,579.6642727920298
2013-09-30,-93.44357989221317
2013-10-01,-1528.6198807741239
2013-10-02,-74.69407633445007
2013-10-03,-389.91096539098
2013-10-04,-260.33795959703275
2013-10-05,-227.08528664907863
2013-10-06,-293.2521387029592
2013-10-07,664.9714000599943
2013-10-08,100.87503093803389
2013-10-09,-375.5497825495513
2013-10-10,498.47806479599967
2013-10-11,-658.5620459698694
2013-10-12,-96.74261335983829
2013-10-13,-52.4461681418652
2013-10-14,60.24274737230735
2013-10-15,355.29206645730665
2013-10-16,-85.9956935430273
2013-10-17,-208.7140399863165
2013-10-18,-70.85685101281706
2013-10-19,215.858525388634
2013-10-20,-481.31432472755114
2013-10-21,179.38031949997458
2013-10-22,305.896987019496
2013-10-23,-139.81493539374787
2013-10-24,-101.63673341091635
2013-10-25,91.85758521782918
2013-10-26,-346.98817490015426
2013-10-27,41.368238610160915
2013-10-28,86.42992818739003
2013-10-29,156.5079837656922
2013-10-30,113.03814252144002
2013-10-31,-296.2152741543432
2013-11-01,1835.6519058900558
2013-11-02,-37.5866431267641
2013-11-03,368.734399807101
2013-11-04,-406.4015022943786
2013-11-05,298.1729277212762
2013-11-06,-185.31217366949932
2013-11-07,138.23812399916642
2013-11-08,-2.8630874282534933
2013-11-09,105.04395111848135
2013-11-10,-131.80561925325674
2013-11-11,-41.27501201955238
2013-11-12,15.379566006315144
2013-11-13,1.1374961463116051
2013-11-14,5.5209569371108955
2013-11-15,-348.094517945563
2013-11-16,91.24404643617527
2013-11-17,86.48578551613537
2013-11-18,-190.9436363954519
2013-11-19,125.60533472260431
2013-11-20,214.90006949278904
2013-11-21,-226.8127360723156
2013-11-22,-32.31677836337258
2013-11-23,-33.47028980674804
2013-11-24,21.855260517342685
2013-11-25,-187.45894410161782
2013-11-26,-70.09390887558402
2013-11-27,138.7083531464159
2013-11-28,-45.51771608290073
2013-11-29,-172.80887043666007
2013-11-30,-10.800520873559435
2013-12-01,-7855.290481451379
2013-12-02,2154.80797952196
2013-12-03,-1226.0109691333382
2013-12-04,-462.24590683729366
2013-12-05,-774.6445554653437
2013-12-06,-1099.6991833141838
2013-12-07,-715.2065117874372
2013-12-08,1561.3113790926727
2013-12-09,1234.2882389561346
2013-12-10,-638.2634492611469
2013-12-11,-296.4282919126872
2013-12-12,-351.044405995126
2013-12-13,-911.0118697737526
2013-12-14,-589.4986291998684
2013-12-15,2119.9348990170547
2013-12-16,387.4572763261185
2013-12-17,-666.6944776845357
2013-12-18,-104.61029420280829
2013-12-19,-245.5883052801746
2013-12-20,-454.68983391643997
2013-12-21,-52.98601695086836
2013-12-22,1006.0308261837454
2013-12-23,179.402326425532
2013-12-24,-193.18986599082746
2013-12-25,55.454652232705484
2013-12-26,-286.0005492814962
2013-12-27,-443.600494771832
2013-12-28,34.84628729456381
2013-12-29,56.80975661549019
2013-12-30,523.2144230099639
2013-12-31,-94.96100933498565
2014-01-01,321.2333481346832
2014-01-02,461.19299950524146
2014-01-03,-319.148904594389
2014-01-04,125.0729712794564
2014-01-05,327.22200722901835
2014-01-06,-158.02966987875152
2014-01-07,122.1973515409627
2014-01-08,-250.48045319829362
2014-01-09,130.10920568967413
2014-01-10,85.72604706661514
2014-01-11,-378.22359727240473
2014-01-12,238.1607709746204
2014-01-13,36.12206499048625
2014-01-14,183.15087328823392
2014-01-15,-336.118615268957
2014-01-16,180.62668752532772
2014-01-17,-36.81418984798074
2014-01-18,-142.36230059550508
2014-01-19,215.72723153407424
2014-01-20,34.2291499761177
2014-01-21,-249.816184984742
2014-01-22,173.68471911862252
2014-01-23,-285.4612704223655
2014-01-24,592.0843894761165
2014-01-25,-198.88157194647647
2014-01-26,63.744446870714455
2014-01-27,-161.66766146861846
2014-01-28,121.05196548542517
2014-01-29,-158.4042184555965
2014-01-30,19.76044529718274
2014-01-31,46.46857931666818
2014-02-01,1948.6528641518344
2014-02-02,747.7566175712564
2014-02-03,-816.5298059097586
2014-02-04,381.0257978172449
2014-02-05,350.85177159886007
2014-02-06,16.51727798653883
2014-02-07,-95.78541558254074
2014-02-08,-21.515152571508224
2014-02-09,-1.5378715157421539
2014-02-10,-593.7259604714673
2014-02-11,419.17153562135354
2014-02-12,-120.3375504326068
2014-02-13,83.7785671840029
2014-02-14,400.50736935172245
2014-02-15,-657.5096631415327
2014-02-16,133.19108266507828
2014-02-17,-210.92036986345556
2014-02-18,194.1836240787561
2014-02-19,117.7938936203791
2014-02-20,81.73976699696505
2014-02-21,-41.24786548879274
2014-02-22,-292.4314211427336
2014-02-23,188.0934141863363
2014-02-24,106.65991546366604
2014-02-25,-178.90986525918925
2014-02-26,194.68925765601307
2014-02-27,-225.6323625588666
2014-02-28,183.79134281144434
2014-03-01,3940.680605503687
2014-03-02,672.5876255546318
2014-03-03,-1189.8857801994345
2014-03-04,964.8254572002843
2014-03-05,55.454300002023956
2014-03-06,442.29538656616205
2014-03-07,777.2146918852886
2014-03-08,-1333.77527143931
2014-03-09,416.972260260467
2014-03-10,-902.6365565726664
2014-03-11,457.7798275314999
2014-03-12,-48.637671727534325
2014-03-13,624.5672502221096
2014-03-14,371.9060074375375
2014-03-15,-611.8795484595867
2014-03-16,-197.33367154778898
2014-03-17,-473.0992229790936
2014-03-18,188.1300335658052
2014-03-19,56.512370308213576
2014-03-20,38.00532935376032
2014-03-21,198.644915290668
2014-03-22,-316.82069183653584
2014-03-23,92.19200230952993
2014-03-24,-280.3990893783812
2014-03-25,-128.10353701580607
2014-03-26,383.21915900507884
2014-03-27,61.3889389582655
2014-03-28,-8.393355869287916
2014-03-29,-276.2844704417985
2014-03-30,30.17539945065073
2014-03-31,-39.51621568853079
2014-04-01,3260.968775657504
2014-04-02,323.57356846399125
2014-04-03,1020.765060099322
2014-04-04,-7.392362706345011
2014-04-05,601.4952429040386
2014-04-06,889.9079803257046
2014-04-07,-1530.2247907607234
2014-04-08,-265.7226022363466
2014-04-09,-102.35442595225322
2014-04-10,291.2115660885029
2014-04-11,231.53005649066472
2014-04-12,153.01896322073662
2014-04-13,397.1238576117212
2014-04-14,-633.516626206434
2014-04-15,-397.82130000889447
2014-04-16,-81.77689949171327
2014-04-17,356.46154462804407
2014-04-18,-152.94281244715603
2014-04-19,273.9286044248438
2014-04-20,27.865631531738472
2014-04-21,-451.40706745305215
2014-04-22,9.648647636469832
2014-04-23,-211.92071248653156
2014-04-24,-202.6996445235709
2014-04-25,511.3911358689693
2014-04-26,-146.86752015178718
2014-04-27,224.7171966867354
2014-04-28,-420.8401267866102
2014-04-29,-103.25834263781508
2014-04-30,131.3617681834694
2014-05-01,1862.3055369850445
2014-05-02,567.5343569355937
2014-05-03,16.776502448399697
2014-05-04,166.1932695029027
2014-05-05,-649.890283068482
2014-05-06,453.7514977635001
2014-05-07,-289.4880268481029
2014-05-08,-542.3924510967445
2014-05-09,272.1559326646202
2014-05-10,380.87338758540136
2014-05-11,-100.18995533193811
2014-05-12,73.5403777412539
2014-05-13,-116.43629120693731
2014-05-14,239.48314147684505
2014-05-15,-440.01943148310966
2014-05-16,-158.66300222379505
2014-05-17,552.84018629606
2014-05-18,-244.08129949141585
2014-05-19,-459.36225556167483
2014-05-20,-19.406938929034368
2014-05-21,321.6036352675037
2014-05-22,-356.203569638903
2014-05-23,-223.08723342314624
2014-05-24,230.00487621737193
2014-05-25,-20.36643188846938
2014-05-26,11.712053817653214
2014-05-27,-11.18575035700269
2014-05-28,-54.878744089470274
2014-05-29,-59.639096739920205
2014-05-30,289.14636346239786
2014-05-31,-469.3760583374351
2014-06-01,2467.5032817667015
2014-06-02,-753.2184559019624
2014-06-03,-24.431471029121894
2014-06-04,737.1725272635122
2014-06-05,-77.7057314068552
2014-06-06,106.53172454651576
2014-06-07,-88.55204502487322
2014-06-08,-190.89093852273072
2014-06-09,-366.0030935688701
2014-06-10,419.72421802459576
2014-06-11,-289.6838290980122
2014-06-12,112.08714121552475
2014-06-13,382.0628809267582
2014-06-14,467.2698239827805
2014-06-15,-265.88564042422513
2014-06-16,-729.5683653492088
2014-06-17,81.58396861498113
2014-06-18,-37.62726516660405
2014-06-19,236.463087613909
2014-06-20,73.31284343339576
2014-06-21,372.46960570699594
2014-06-22,-1136.2945803210532
2014-06-23,416.31458051364825
2014-06-24,-571.7802907434234
2014-06-25,406.99663502106705
2014-06-26,370.4167437972901
2014-06-27,-222.877515745673
2014-06-28,-158.98710369751643
2014-06-29,-56.58876225008862
2014-06-30,-464.6953600543238
2014-07-01,2069.788405483676
2014-07-02,89.59557072494863
2014-07-03,95.50508833866843
2014-07-04,412.0273059799074
2014-07-05,19.76874537216645
2014-07-06,407.02049606782384
2014-07-07,-550.248357308159
2014-07-08,-156.59160205389344
2014-07-09,-629.6332564542427
2014-07-10,540.6779781413097
2014-07-11,-30.18450948240934
2014-07-12,248.88925134265446
2014-07-13,-179.773610791206
2014-07-14,-329.3247294354369
2014-07-15,-5.463448694998078
2014-07-16,-128.53432516503017
2014-07-17,35.05660889489809
2014-07-18,429.9801611005678
2014-07-19,-492.33220716469805
2014-07-20,387.9582095402002
2014-07-21,-104.83169198142059
2014-07-22,-655.7707611907717
2014-07-23,-25.174556987545657
2014-07-24,73.3659064041749
2014-07-25,329.7082596159016
2014-07-26,174.9683354574736
2014-07-27,-2.9888847199690645
2014-07-28,-516.1430150016604
2014-07-29,61.693992912863905
2014-07-30,211.04940724390326
2014-07-31,-249.08553962197766
2014-08-01,-4411.902429325244
2014-08-02,-102.83329985791352
2014-08-03,-1065.5270727048119
2014-08-04,1390.377268532884
2014-08-05,-719.9813964732384
2014-08-06,-48.6409917130004
2014-08-07,-844.9205051592944
2014-08-08,967.4401757600353
2014-08-09,-460.8476910797144
2014-08-10,40.02567258194176
2014-08-11,445.893660708949
2014-08-12,-509.5909751997351
2014-08-13,-299.5368872717045
2014-08-14,-128.98313496680566
2014-08-15,512.0150804364639
2014-08-16,-64.61072811089616
2014-08-17,119.33916139300709
2014-08-18,153.6384709313861
2014-08-19,-398.7558126088734
2014-08-20,-68.78884804869085
2014-08-21,-240.3963629815662
2014-08-22,197.11388180817448
2014-08-23,-52.179674661470926
2014-08-24,-147.13151642063895
2014-08-25,263.0703225897814
2014-08-26,165.94967043518045
2014-08-27,-310.13181023574725
2014-08-28,-297.68553115863324
2014-08-29,681.3337180610579
2014-08-30,-343.93407904077685
2014-08-31,-140.63492107763886
2014-09-01,-1469.9183829167632
2014-09-02,-423.3357948810408
2014-09-03,-69.61501533814953
2014-09-04,-201.66555922602856
2014-09-05,-47.163544293038285
2014-09-06,-705.7123054316362
2014-09-07,-11.404246665377286
2014-09-08,1156.3139494624556
2014-09-09,-348.70018778564554
2014-09-10,-42.94009257449943
2014-09-11,-547.10736694976
2014-09-12,-91.27301300062027
2014-09-13,209.10355649007033
2014-09-14,-297.01070542300295
2014-09-15,880.7812597716074
2014-09-16,-361.0855785230997
2014-09-17,-68.20843874502316
2014-09-18,82.9699254396437
2014-09-19,16.022286870931566
2014-09-20,-254.72216198815659
2014-09-21,-401.38805617015896
2014-09-22,602.9641892630243
2014-09-23,-149.0722851953833
2014-09-24,-249.60598717669927
2014-09-25,272.0988563685314
2014-09-26,-544.9223521347849
2014-09-27,305.9143869854706
2014-09-28,-343.7785853330861
2014-09-29,353.01325855464165
2014-09-30,-134.38146800606773
2014-10-01,-1585.6986402959228
2014-10-02,-81.89692847146216
2014-10-03,-511.1582208039654
2014-10-04,-379.69108343484186
2014-10-05,-464.0582602235372
2014-10-06,877.1560437617773
2014-10-07,-723.1818088525652
2014-10-08,1002.5833737739995
2014-10-09,-596.1337939251534
2014-10-10,-109.99134630071057
2014-10-11,-473.3634151127626
2014-10-12,89.89748153898472
2014-10-13,462.7481531940575
2014-10-14,-15.925824382895371
2014-10-15,-94.8404868030666
2014-10-16,-318.0694711099459
2014-10-17,259.57432758281357
2014-10-18,97.89339113419919
2014-10-19,-185.64685364548131
2014-10-20,37.7708623756007
2014-10-21,152.17981047291323
2014-10-22,241.23382225791283
2014-10-23,-151.21526350770728
2014-10-24,0.19037196930366918
2014-10-25,-211.557296085306
2014-10-26,-103.70802853194982
2014-10-27,43.374804641680385
2014-10-28,-56.89834122353932
2014-10-29,117.88364081238251
2014-10-30,-30.469367960642558
2014-10-31,29.000537585940037
2014-11-01,2085.871360933903
2014-11-02,36.04702547546549
2014-11-03,-258.0617116115063
2014-11-04,-17.21136369658052
2014-11-05,196.1954386983598
2014-11-06,662.5226977269267
2014-11-07,-46.63560550231705
2014-11-08,-646.1665725319472
2014-11-09,105.12466456497714
2014-11-10,-489.3279426808331
2014-11-11,622.7560388330785
2014-11-12,92.99938096810001
2014-11-13,13.33372906376826
2014-11-14,241.89028719086127
2014-11-15,-502.13534841524597
2014-11-16,92.62818136547139
2014-11-17,-309.6201740915749
2014-11-18,44.24745011110281
2014-11-19,136.47425102247144
2014-11-20,-137.70888928119166
2014-11-21,2.4037501413222344
2014-11-22,19.31921601627255
2014-11-23,188.9948803412408
2014-11-24,-94.03731539560249
2014-11-25,-85.31291944120312
2014-11-26,96.29150905941788
2014-11-27,-206.07457703425825
2014-11-28,299.1943772695231
2014-11-29,-378.8731219589936
2014-11-30,12.261157716482558
2014-12-01,-6001.304302487755
2014-12-02,-1367.4652111287287
2014-12-03,-784.8896474567773
2014-12-04,-758.8087661316167
2014-12-05,-1030.714365207561
2014-12-06,-1180.9239948730137
2014-12-07,-1525.4658525303385
2014-12-08,4914.633126675426
2014-12-09,-785.8544644934445
2014-12-10,-528.8598870911119
2014-12-11,-560.9352987696548
2014-12-12,-761.7410926806515
2014-12-13,-593.8948723412614
2014-12-14,-552.7922260407831
2014-12-15,2704.1337012974273
2014-12-16,-281.74798777575415
2014-12-17,96.2044598356697
2014-12-18,-513.544629875636
2014-12-19,-330.9503511838011
2014-12-20,-781.5621033231218
2014-12-21,82.90249352033061
2014-12-22,1675.0764447226502
2014-12-23,-436.93611824646723
2014-12-24,-312.2427508981564
2014-12-25,-39.66928897980688
2014-12-26,-183.79882868617278
2014-12-27,22.431341468793107
2014-12-28,-235.9461690493772
2014-12-29,735.9469882424492
2014-12-30,-203.82653476584164
2014-12-31,-157.52679285698105
2015-01-01,-1348.445032729047
2015-01-02,17.112795733155508
2015-01-03,-391.0058400741618
2015-01-04,-180.0879566391559
2015-01-05,1054.7665909237458
2015-01-06,-484.5547085325343
2015-01-07,-136.645729855205
2015-01-08,504.1507971307328
2015-01-09,-311.2633069631447
2015-01-10,-200.84424825491442
2015-01-11,-171.43900133518764
2015-01-12,308.42676450059844
2015-01-13,-55.68194387225594
2015-01-14,194.7703545366876
2015-01-15,50.671118957663566
2015-01-16,-440.36053492756764
2015-01-17,224.49793756724102
2015-01-18,-262.0431060812807
2015-01-19,464.9403311975839
2015-01-20,-304.3818021347324
2015-01-21,68.9466521291888
2015-01-22,180.44496572104617
2015-01-23,-62.63079222902161
2015-01-24,-210.14387085377166
2015-01-25,165.916648516446
2015-01-26,8.069330291851657
2015-01-27,8.938646903330664
2015-01-28,6.536688091731776
2015-01-29,-315.1740617996402
2015-01-30,366.10097131093426
2015-01-31,-114.40700677657514
2015-02-01,2226.3972792483983
2015-02-02,-528.5453503540557
2015-02-03,309.58548521550256
2015-02-04,105.55367380745884
2015-02-05,518.0710589227201
2015-02-06,156.2453515448069
2015-02-07,362.4588263880323
2015-02-08,-556.6874112261721
2015-02-09,-337.5484543036655
2015-02-10,300.9198926430181
2015-02-11,15.215771900020627
2015-02-12,120.41530190770573
2015-02-13,-111.39567263215577
2015-02-14,268.34152098706545
2015-02-15,-628.3037052039217
2015-02-16,-145.8863286620417
2015-02-17,281.76916906752376
2015-02-18,-51.840038056270714
2015-02-19,455.0413189756873
2015-02-20,-62.87374640429698
2015-02-21,-111.1849133640535
2015-02-22,-113.652344312286
2015-02-23,-302.4662522591989
2015-02-24,14.437560571252106
2015-02-25,108.12724746724052
2015-02-26,105.45524129365731
2015-02-27,-1.259179316009977
2015-02-28,-42.84722696365861
2015-03-01,4798.177235775183
2015-03-02,-1417.6242363360798
2015-03-03,809.6631545286837
2015-03-04,268.2839232089282
2015-03-05,565.1668962318618
2015-03-06,516.7015690658263
2015-03-07,901.2234241660371
2015-03-08,-1528.2671218330288
2015-03-09,-876.8880703770992
2015-03-10,465.8400869554753
2015-03-11,296.5134093740926
2015-03-12,305.12053449417726
2015-03-13,551.7966798607231
2015-03-14,84.27578267073477
2015-03-15,-982.4631061418659
2015-03-16,-154.92927394365324
2015-03-17,36.24593601383094
2015-03-18,54.667238024881954
2015-03-19,-131.12160911759565
2015-03-20,1049.7946880719792
2015-03-21,-223.28165795778477
2015-03-22,-511.6787651728846
2015-03-23,-490.5272290649118
2015-03-24,331.4684329476404
2015-03-25,-191.12181400439295
2015-03-26,62.101036174208275
2015-03-27,-112.32264327640587
2015-03-28,283.65008790547654
2015-03-29,-117.87609788338523
2015-03-30,33.173300352362276
2015-03-31,-157.1829779490181
2015-04-01,3561.4775999019184
2015-04-02,918.0683323884477
2015-04-03,571.1731120111799
2015-04-04,351.48125341649575
2015-04-05,300.997665822666
2015-04-06,-1134.6825216772195
2015-04-07,876.5966433589274
2015-04-08,-1510.8901247636786
2015-04-09,922.426209287376
2015-04-10,-139.5175961012792
2015-04-11,787.938963646051
2015-04-12,250.80587507519886
2015-04-13,-1143.2060188192227
2015-04-14,457.07651349368825
2015-04-15,-837.3186819010225
2015-04-16,413.6047932776637
2015-04-17,343.22488842199164
2015-04-18,156.26733537831387
2015-04-19,104.99716290648212
2015-04-20,-697.1767338094251
2015-04-21,188.89668138572233
2015-04-22,-18.919380157327396
2015-04-23,-231.1804348173173
2015-04-24,-109.3955987609661
2015-04-25,162.98045367735904
2015-04-26,245.53445590398042
2015-04-27,-245.7404492291862
2015-04-28,193.83885048147567
2015-04-29,-245.25692922739836
2015-04-30,21.65404949400545
2015-05-01,2051.044888524695
2015-05-02,219.94293984067917
2015-05-03,-142.66330437498254
2015-05-04,-202.78253640662297
2015-05-05,477.4687993307016
2015-05-06,150.6997686034083
2015-05-07,-122.3921167346125
2015-05-08,-345.0229840127722
2015-05-09,221.3032471067272
2015-05-10,178.75395776803634
2015-05-11,-495.4898040530752
2015-05-12,337.843790987612
2015-05-13,-29.338191683011246
2015-05-14,362.8916385199227
2015-05-15,-637.0238057844072
2015-05-16,228.79298972103425
2015-05-17,241.16398743640457
2015-05-18,-411.91653999787013
2015-05-19,331.25026453913597
2015-05-20,56.12927543271144
2015-05-21,-194.88688013673163
2015-05-22,-515.4820094574352
2015-05-23,269.32339057733043
2015-05-24,32.66109341826814
2015-05-25,-53.28656523997415
2015-05-26,184.57105593578672
2015-05-27,-225.30873115675786
2015-05-28,-131.36872979042164
2015-05-29,284.07603247346196
2015-05-30,-282.8880450066208
2015-05-31,-29.959714086005988
2015-06-01,1529.4895780846527
2015-06-02,455.22082939040774
2015-06-03,19.905478238884825
2015-06-04,463.09883670086856
2015-06-05,147.12143237455894
2015-06-06,212.89457872225466
2015-06-07,387.95594454876846
2015-06-08,-1347.6688551363732
2015-06-09,270.69883276728797
2015-06-10,-42.40813025339594
2015-06-11,330.1698829194356
2015-06-12,37.437513257616956
2015-06-13,460.26657210967824
2015-06-14,249.34241132092575
2015-06-15,-1284.066356001029
2015-06-16,201.18290192070708
2015-06-17,26.92790542541843
2015-06-18,-85.98046134299148
2015-06-19,95.44129793724278
2015-06-20,112.05655813079647
2015-06-21,-3.089721964286582
2015-06-22,-439.6308331238579
2015-06-23,67.0479530051598
2015-06-24,135.84391062151553
2015-06-25,-264.99640857152554
2015-06-26,393.71892252765247
2015-06-27,-246.24999312945147
2015-06-28,36.28930639600003
2015-06-29,97.88067483908162
2015-06-30,-75.05212655406649
2015-07-01,1457.59864271295
2015-07-02,481.56866890879246
2015-07-03,385.16641798067576
2015-07-04,427.35353764717
2015-07-05,6.143635964188434
2015-07-06,-642.2260024684692
2015-07-07,172.94131643171932
2015-07-08,-56.067994907127286
2015-07-09,-323.4638984155026
2015-07-10,290.4097708060144
2015-07-11,211.66475634901144
2015-07-12,172.08473252867407
2015-07-13,-282.53695907067595
2015-07-14,-59.32776840502993
2015-07-15,-238.22732911683852
2015-07-16,70.26963285959937
2015-07-17,-95.8461149744544
2015-07-18,73.54866660400148
2015-07-19,38.41262018391717
2015-07-20,34.64491493771857
2015-07-21,-167.73402599899782
2015-07-22,-190.3031176809236
2015-07-23,197.6342664061449
2015-07-24,-53.395964760988136
2015-07-25,-16.90482015699672
2015-07-26,-162.768953222243
2015-07-27,-224.99150269453094
2015-07-28,297.479426610018
2015-07-29,-278.48163280458175
2015-07-30,402.1023513815744
2015-07-31,-370.952754566395
2015-08-01,-4147.375008000279
2015-08-02,-313.767005093061
2015-08-03,984.0817799061624
2015-08-04,-1132.8767648504254
2015-08-05,-340.9270610414387
2015-08-06,-294.65334030869417
2015-08-07,-578.9294031684003
2015-08-08,1062.8590896186797
2015-08-09,-221.46311459138815
2015-08-10,312.6506379352322
2015-08-11,-292.40682130095956
2015-08-12,-440.7203272398765
2015-08-13,-257.85375384009603
2015-08-14,-191.38019915327095
2015-08-15,691.2000266862779
2015-08-16,-134.59939243852568
2015-08-17,515.5895418934815
2015-08-18,-457.4024686880257
2015-08-19,204.57044411876632
2015-08-20,-491.00895934425716
2015-08-21,213.92760495315815
2015-08-22,37.71021870198456
2015-08-23,29.862185357313138
2015-08-24,44.173896935317316
2015-08-25,-143.13335847088456
2015-08-26,19.860790732138412
2015-08-27,-36.722083632765134
2015-08-28,-288.3540391487768
2015-08-29,307.66035544529586
2015-08-30,168.69896128834807
2015-08-31,48.07576092740783
2015-09-01,-1961.7462727328639
2015-09-02,-221.83899380115326
2015-09-03,-309.08954854732656
2015-09-04,-268.59162327658487
2015-09-05,-384.0398210444837
2015-09-06,-202.3503712886304
2015-09-07,535.3226357027706
2015-09-08,365.18667992540213
2015-09-09,-15.659167550395068
2015-09-10,-428.27579380561656
2015-09-11,-291.0874670398807
2015-09-12,-352.7486098216832
2015-09-13,73.5043661869131
2015-09-14,291.66640548131545
2015-09-15,794.5057149773929
2015-09-16,-357.51893540954916
2015-09-17,-227.00615262189967
2015-09-18,-204.76975677063456
2015-09-19,285.38757351732784
2015-09-20,-419.1728056442662
2015-09-21,458.00299489969984
2015-09-22,-170.19717615910486
2015-09-23,-106.96843284273564
2015-09-24,101.72616856157765
2015-09-25,-199.3313986237954
2015-09-26,135.29206656819952
2015-09-27,-338.1354520866298
2015-09-28,256.46209269783867
2015-09-29,230.85535738128237
2015-09-30,-191.45059749863867
2015-10-01,-1976.393234405623
2015-10-02,-270.21094851089947
2015-10-03,-243.348744469924
2015-10-04,-567.9977720949028
2015-10-05,833.906243090194
2015-10-06,-447.69938389969684
2015-10-07,-148.86713633942418
2015-10-08,300.01756892494086
2015-10-09,-461.5593002956339
2015-10-10,-6.6117298120116175
2015-10-11,68.16025551165148
2015-10-12,287.5788327288137
2015-10-13,-130.57735532173683
2015-10-14,-245.45923159397353
2015-10-15,414.8607502518098
2015-10-16,-55.824949148740416
2015-10-17,-47.83785785033615
2015-10-18,-162.43360862440386
2015-10-19,19.421973035841802
2015-10-20,4.868937805855239
2015-10-21,30.646983906692185
2015-10-22,119.66253154080187
2015-10-23,49.86088529706831
2015-10-24,-72.18167957978585
2015-10-25,-13.99668397921414
2015-10-26,-116.74051470862833
2015-10-27,-31.151408025147248
2015-10-28,169.40356401978715
2015-10-29,-404.08527045954906
2015-10-30,453.1301891490584
2015-10-31,-31.75220697118857
2015-11-01,2071.26259333099
2015-11-02,-412.3197775206645
2015-11-03,351.26637426321395
2015-11-04,70.10979616356417
2015-11-05,629.7196681188288
2015-11-06,-115.56883487208324
2015-11-07,112.23874742298722
2015-11-08,-471.52233256395994
2015-11-09,-606.4749344577103
2015-11-10,376.5390699992349
2015-11-11,141.03680141712175
2015-11-12,240.42768136471568
2015-11-13,163.78458164154654
2015-11-14,317.1467643901851
2015-11-15,-707.5986285600666
2015-11-16,18.268160426567192
2015-11-17,73.94784833071026
2015-11-18,-253.6431939397371
2015-11-19,176.72577229087983
2015-11-20,118.89221113040549
2015-11-21,185.0575505666602
2015-11-22,-510.18376949540834
2015-11-23,-138.69905179743728
2015-11-24,284.8923401650609
2015-11-25,-90.16715066798861
2015-11-26,373.75969326940685
2015-11-27,-70.3058720635454
2015-11-28,-210.2491549878796
2015-11-29,-73.72543007592321
2015-11-30,-181.0653847493486
2015-12-01,-7488.495885506065
2015-12-02,-209.06971193416393
2015-12-03,-1160.505088588845
2015-12-04,-1265.3996908177069
2015-12-05,-801.3491396171994
2015-12-06,-1038.130845144915
2015-12-07,2195.6378294672177
2015-12-08,1202.7988064180172
2015-12-09,-358.9104857488601
2015-12-10,-1024.6091042283115
2015-12-11,-440.9723796251237
2015-12-12,-727.9842159894979
2015-12-13,-1002.609758275783
2015-12-14,1926.3961788764518
2015-12-15,1221.2634869855792
2015-12-16,-118.91813721218932
2015-12-17,-706.1960641495389
2015-12-18,-248.09083380154334
2015-12-19,-757.4494084999715
2015-12-20,-22.164962883573025
2015-12-21,830.5111375926572
2015-12-22,215.47090483133798
2015-12-23,-130.72946026538193
2015-12-24,243.8138684727055
2015-12-25,-275.6188220250515
2015-12-26,-58.88688600075693
2015-12-27,-666.3363775100916
2015-12-28,615.2828734390423
2015-12-29,564.0295194157698
2015-12-30,-284.74909913847296
2015-12-31,-175.63128702736867
2016-01-01,-684.0328653109973
2016-01-02,-310.3942963309637
2016-01-03,122.257351201024
2016-01-04,310.0154429688664
2016-01-05,93.21587881570667
2016-01-06,-23.179401035562478
2016-01-07,-25.968975746687647
2016-01-08,-61.36477179834037
2016-01-09,-267.0527886039563
2016-01-10,-14.225542338124797
2016-01-11,442.4550896128221
2016-01-12,-229.91734534938587
2016-01-13,-62.07979996562062
2016-01-14,303.1321656038308
2016-01-15,-81.33636793502592
2016-01-16,121.03134726438293
2016-01-17,-347.7022675401604
2016-01-18,-23.418135727219124
2016-01-19,198.30470024943497
2016-01-20,185.78637575217363
2016-01-21,-402.2023092674499
2016-01-22,125.6681593094836
2016-01-23,41.057003339537914
2016-01-24,-118.83914322492274
2016-01-25,168.22911665359607
2016-01-26,-31.695386696083006
2016-01-27,199.62634423611235
2016-01-28,-296.1136171010003
2016-01-29,10.523499924060161
2016-01-30,68.43987809183818
2016-01-31,-130.73138417430164
2016-02-01,1897.1031311383013
2016-02-02,364.40479625039734
2016-02-03,5.520192410767777
2016-02-04,179.74245955566948
2016-02-05,463.14194282656536
2016-02-06,387.87536774554246
2016-02-07,-34.17446118829321
2016-02-08,-948.3354517105618
2016-02-09,289.0152479929602
2016-02-10,-294.8185891725807
2016-02-11,598.6059692787967
2016-02-12,57.34656924867886
2016-02-13,258.5074369209142
2016-02-14,133.08959492622307
2016-02-15,-997.0848285084176
2016-02-16,155.0209172971845
2016-02-17,217.98287791194525
2016-02-18,-152.74648877072104
2016-02-19,435.84995979729865
2016-02-20,-111.96141665429604
2016-02-21,407.40250864514746
2016-02-22,-690.2656245458274
2016-02-23,-1.1512269378945348
2016-02-24,-210.12493393937984
2016-02-25,354.35257399978946
2016-02-26,-27.0373762496165
2016-02-27,151.11115200750282
2016-02-28,78.69346845319524
2016-02-29,-449.7811187454281
2016-03-01,3985.938327660315
2016-03-02,281.36137913188213
2016-03-03,1004.9324989052802
2016-03-04,349.47414958050285
2016-03-05,750.8961463280029
2016-03-06,397.32862700792975
2016-03-07,-1605.1488647053884
2016-03-08,-518.390952181031
2016-03-09,580.4022026521525
2016-03-10,40.26009865079686
2016-03-11,698.1029446580396
2016-03-12,7.688328255371744
2016-03-13,473.5390728679049
2016-03-14,-628.4634691456085
2016-03-15,-772.0534731769294
2016-03-16,-116.18164827902365
2016-03-17,428.7838367051918
2016-03-18,193.37095983251857
2016-03-19,56.965085742827796
2016-03-20,411.1545082563425
2016-03-21,-518.9485123378181
2016-03-22,-176.03384614496827
2016-03-23,-71.93623390325956
2016-03-24,-61.07232615177054
2016-03-25,-180.02086034753302
2016-03-26,308.9321260694451
2016-03-27,332.4916706176955
2016-03-28,-263.01761418145543
2016-03-29,-357.726596055727
2016-03-30,200.5952550024449
2016-03-31,-398.17927143050474
2016-04-01,4976.299161513267
2016-04-02,97.65399341727607
2016-04-03,1318.1079105823446
2016-04-04,-1855.295618455155
2016-04-05,822.9261751391532
2016-04-06,222.09484759890256
2016-04-07,894.3771267504671
2016-04-08,-1211.9519197356713
2016-04-09,730.531797460615
2016-04-10,306.909428395702
2016-04-11,-939.6994284529901
2016-04-12,302.0007270445203
2016-04-13,121.41755103444666
2016-04-14,351.61603225433646
2016-04-15,-1013.7691135064015
2016-04-16,294.50281915187225
2016-04-17,420.9984629350365
2016-04-18,-665.5887651440935
2016-04-19,410.6374749609531
2016-04-20,58.3143850049637
2016-04-21,-46.97573771911266
2016-04-22,-323.3745515585979
2016-04-23,22.507463722933608
2016-04-24,68.75459250822314
2016-04-25,-270.3421400342304
2016-04-26,389.282073476621
2016-04-27,-168.78924942880622
2016-04-28,292.72073821874073
2016-04-29,-60.14485667581903
2016-04-30,150.72844880637422
2016-05-01,1858.0561958882026
2016-05-02,-561.1326831369588
2016-05-03,364.14022247977846
2016-05-04,673.4352197153203
2016-05-05,26.851072241261136
2016-05-06,172.4419120414459
2016-05-07,222.43017853349738
2016-05-08,-287.54446597730566
2016-05-09,-640.8041226715395
2016-05-10,-10.070928095261479
2016-05-11,49.25802241661222
2016-05-12,662.2690840750038
2016-05-13,-324.4843489354025
2016-05-14,-28.41211990872398
2016-05-15,-417.46245805372746
2016-05-16,172.37382527791488
2016-05-17,-110.45990225815694
2016-05-18,213.84972706066037
2016-05-19,-59.543924080331635
2016-05-20,253.41887121897162
2016-05-21,-232.46581767532916
2016-05-22,-262.831246274618
2016-05-23,-35.6408622410745
2016-05-24,-136.1111089446058
2016-05-25,79.9598256731042
2016-05-26,-77.7806604409052
2016-05-27,251.77162913376378
2016-05-28,456.4499049955193
2016-05-29,-161.99507915872528
2016-05-30,-909.2971601734207
2016-05-31,231.6702300674442
2016-06-01,2313.3047830867545
2016-06-02,228.39706181366637
2016-06-03,-166.32344130925048
2016-06-04,700.4691158723144
2016-06-05,394.60384641845303
2016-06-06,-329.43601442317595
2016-06-07,211.6482497605466
2016-06-08,-900.2707564533885
2016-06-09,410.248765134922
2016-06-10,-52.99585763508367
2016-06-11,365.37633417889447
2016-06-12,8.066724412026815
2016-06-13,-523.36129244943
2016-06-14,572.111260810736
2016-06-15,-731.3737889030381
2016-06-16,140.8738413307292
2016-06-17,255.55852214779588
2016-06-18,-301.20519562427216
2016-06-19,7.072877566643001
2016-06-20,-130.96138846779286
2016-06-21,70.18464878994928
2016-06-22,271.0346629570013
2016-06-23,-251.58220272577455
2016-06-24,32.80448483942746
2016-06-25,186.50643223256338
2016-06-26,152.28826559221488
2016-06-27,-629.2489560377035
2016-06-28,298.2069756516721
2016-06-29,-273.60425869881874
2016-06-30,17.41666609246022
2016-07-01,2536.2093860437744
2016-07-02,42.68010117753147
2016-07-03,260.81395982109825
2016-07-04,-511.8530350645415
2016-07-05,265.47747746345703
2016-07-06,-264.85379641222244
2016-07-07,849.5336002619879
2016-07-08,-995.8004675593838
2016-07-09,558.3277179948345
2016-07-10,306.3835427454542
2016-07-11,-481.72601942019173
2016-07-12,37.64325387368444
2016-07-13,554.5720202040175
2016-07-14,-480.7430992969894
2016-07-15,-301.1397022230085
2016-07-16,70.05528748498182
2016-07-17,111.94344951637322
2016-07-18,-271.02077234239187
2016-07-19,611.4189862600979
2016-07-20,-362.56738977346686
2016-07-21,356.6427974178441
2016-07-22,-341.8638528042793
2016-07-23,-626.8759962988552
2016-07-24,88.37951180758682
2016-07-25,193.2128462424771
2016-07-26,-30.738512289979553
2016-07-27,-184.56842064013472
2016-07-28,119.05837505972886
2016-07-29,-105.84287613650667
2016-07-30,547.6722758964897
2016-07-31,-205.02325332746113
2016-08-01,-3669.7578795345
2016-08-02,-620.5299716051668
2016-08-03,-578.1145421693291
2016-08-04,-603.0651550339426
2016-08-05,-430.22715553449234
2016-08-06,-38.552739995444426
2016-08-07,-1450.333271742733
2016-08-08,2717.5298856196423
2016-08-09,-570.7747803722996
2016-08-10,-238.87782710391548
2016-08-11,-493.4025832250336
2016-08-12,-400.1456770167497
2016-08-13,-312.2087338801357
2016-08-14,-263.9108081237864
2016-08-15,1702.2983449312815
2016-08-16,-478.61964035165147
2016-08-17,283.189246143902
2016-08-18,-489.68474823269935
2016-08-19,-31.865879607626994
2016-08-20,-470.807761237229
2016-08-21,-99.55332771369285
2016-08-22,960.4135587278433
2016-08-23,-202.4083200612913
2016-08-24,16.590798880544753
2016-08-25,-4.786579598196113
2016-08-26,-328.7210928393033
2016-08-27,-84.73874171655189
2016-08-28,-364.04150052579644
2016-08-29,693.9896748779138
2016-08-30,-82.59780743857846
2016-08-31,364.58087747204263
2016-09-01,-2124.8678577540195
2016-09-02,-753.4164381808987
2016-09-03,-705.3478727005859
2016-09-04,1.5972100054568728
2016-09-05,708.3911167508049
2016-09-06,-411.98263621964725
2016-09-07,-488.56120526224186
2016-09-08,405.85707675673984
2016-09-09,154.55310596830532
2016-09-10,-327.36260124282126
2016-09-11,-569.938156974582
2016-09-12,739.006888183987
2016-09-13,-167.5401350774555
2016-09-14,-392.13050676547573
2016-09-15,660.7304911843494
2016-09-16,-56.44831875454838
2016-09-17,-272.9162948697194
2016-09-18,204.36737222594093
2016-09-19,314.20067480130456
2016-09-20,-381.3915375273682
2016-09-21,-13.468106662163336
2016-09-22,260.8961662247093
2016-09-23,-246.01315090118806
2016-09-24,24.016819536758703
2016-09-25,-99.00693571486045
2016-09-26,-18.83499403965834
2016-09-27,15.112756182730664
2016-09-28,307.3681464694273
2016-09-29,-266.3744496312029
2016-09-30,-123.03994523178335
2016-10-01,-2551.9776951527238
2016-10-02,-74.39580278903304
2016-10-03,897.4409157029368
2016-10-04,-558.4976104543784
2016-10-05,-457.10291391374267
2016-10-06,-156.913358699323
2016-10-07,-326.0371358857192
2016-10-08,1077.8536209818885
2016-10-09,-725.9200980939931
2016-10-10,330.5019570683944
2016-10-11,185.09306930041566
2016-10-12,-640.946187910231
2016-10-13,-95.26430618281665
2016-10-14,-82.77407307572503
2016-10-15,711.2152280439077
2016-10-16,53.88107229251182
2016-10-17,-94.39661847735624
2016-10-18,-396.8460816277584
2016-10-19,418.20331506622097
2016-10-20,-1.4493729342320876
2016-10-21,-267.6987618894673
2016-10-22,53.99189406361984
2016-10-23,-181.60882625559316
2016-10-24,325.9152602572103
2016-10-25,156.2797059175973
2016-10-26,-739.1628475235229
2016-10-27,325.0438690646952
2016-10-28,130.08028177071537
2016-10-29,-300.3565274105604
2016-10-30,-141.05691028963338
2016-10-31,340.6646006652518
2016-11-01,1837.2336852456647
2016-11-02,615.007465186256
2016-11-03,-398.4963564624413
2016-11-04,309.22175726170826
2016-11-05,662.1832335752479
2016-11-06,279.96609771306976
2016-11-07,-1092.955141819064
2016-11-08,-198.37866532557746
2016-11-09,209.5205601804846
2016-11-10,204.78102776860032
2016-11-11,253.67002835011954
2016-11-12,85.37570874758967
2016-11-13,528.9981421979755
2016-11-14,-559.7364410612972
2016-11-15,-388.3708205150797
2016-11-16,-8.758420999656664
2016-11-17,166.63648857071894
2016-11-18,-243.0357357309549
2016-11-19,308.63458941384306
2016-11-20,33.81228062509035
2016-11-21,-20.17146854598468
2016-11-22,-535.9488960556737
2016-11-23,178.83530484074436
2016-11-24,63.58782808894102
2016-11-25,120.65704659245966
2016-11-26,-90.43852685139427
2016-11-27,-71.73922645397397
2016-11-28,58.022015518916305
2016-11-29,115.54974138708349
2016-11-30,-294.24288269050885
2016-12-01,-8268.032260779673
2016-12-02,-1497.3634342298246
2016-12-03,-1162.6187367740968
2016-12-04,-1120.2415588938638
2016-12-05,2611.3511770419027
2016-12-06,-2094.6212399962824
2016-12-07,-365.65498746002777
2016-12-08,2238.5556027697457
2016-12-09,-611.8142416791925
2016-12-10,-752.6124767801448
2016-12-11,-1146.5204691661384
2016-12-12,1853.3775437758504
2016-12-13,-1046.9000193361499
2016-12-14,-399.7145238521298
2016-12-15,1539.965881254906
2016-12-16,-305.9150129744012
2016-12-17,-257.40942026201446
2016-12-18,-820.4648951182535
2016-12-19,992.6082699102353
2016-12-20,-386.51892496127766
2016-12-21,-592.546274680335
2016-12-22,1430.5393742667402
2016-12-23,-482.0395764450186
2016-12-24,-7.987359519491292
2016-12-25,-390.1200491249292
2016-12-26,394.3198271613801
2016-12-27,-630.162778623675
2016-12-28,169.90634919640797
2016-12-29,418.24517884710804
2016-12-30,-269.12479206596254
2016-12-31,-156.44146484752855
2017-01-01,-1327.960526715935
2017-01-02,517.2420620221728
2017-01-03,-92.29525892064703
2017-01-04,-273.9201886069859
2017-01-05,-53.76466391687791
2017-01-06,-322.0948846313004
2017-01-07,-95.99983369601978
2017-01-08,282.34933644968623
2017-01-09,340.7307785736757
2017-01-10,-91.5116298143912
2017-01-11,-165.94162280493765
2017-01-12,-245.09609730274315
2017-01-13,195.65700228726928
2017-01-14,-387.8413559807377
2017-01-15,394.30150474325274
2017-01-16,131.95955578497706
2017-01-17,-104.66998200214584
2017-01-18,154.9819816909585
2017-01-19,-447.86833686733735
2017-01-20,159.31265738355432
2017-01-21,28.790723190119024
2017-01-22,210.48126531673552
2017-01-23,-100.62642379407953
2017-01-24,-5.737511868235742
2017-01-25,-103.71144469970022
2017-01-26,-78.94808063332312
2017-01-27,128.97983830043813
2017-01-28,-391.30244934953953
2017-01-29,440.6090517420307
2017-01-30,93.85572084968408
2017-01-31,-168.8948560598874
2017-02-01,2121.525026490497
2017-02-02,304.8240875231677
2017-02-03,296.5298293117594
2017-02-04,348.45473930521257
2017-02-05,-56.2229432618733
2017-02-06,-299.5477059421064
2017-02-07,223.07003213631833
2017-02-08,-780.385233828616
2017-02-09,440.83250579521336
2017-02-10,254.11299682673052
2017-02-11,503.80644484271033
2017-02-12,71.14804265638668
2017-02-13,-573.5168948598548
2017-02-14,204.67801079422134
2017-02-15,-383.61872763145584
2017-02-16,-10.391407861337939
2017-02-17,142.57322890688738
2017-02-18,-152.20512265692378
2017-02-19,412.97953839426555
2017-02-20,-436.05564575296376
2017-02-21,344.3835746973891
2017-02-22,-422.8117596041957
2017-02-23,415.2961758606725
2017-02-24,-301.24721904813487
2017-02-25,156.01725519943648
2017-02-26,218.9782562222499
2017-02-27,-270.7811687172434
2017-02-28,-96.32373178489797
2017-03-01,4084.4588635062973
2017-03-02,613.7523118155405
2017-03-03,517.7351262723932
2017-03-04,305.1340438809675
2017-03-05,1099.2166251572125
2017-03-06,-1406.7125541344867
2017-03-07,719.5856995652284
2017-03-08,-785.7811798682269
2017-03-09,-299.6279706016794
2017-03-10,664.9368920205561
2017-03-11,491.3676670368586
2017-03-12,494.4840548454231
2017-03-13,-820.9172231813136
2017-03-14,731.0590511823866
2017-03-15,-1680.7630732914295
2017-03-16,560.1775989527268
2017-03-17,18.39270859701719
2017-03-18,469.17550778107034
2017-03-19,-131.29477871330164
2017-03-20,-444.07533778218203
2017-03-21,561.4718041278902
2017-03-22,-493.26649353737594
2017-03-23,-122.47512254281537
2017-03-24,109.42847863839052
2017-03-25,337.685289074514
2017-03-26,88.89889123782268
2017-03-27,-377.8897314731439
2017-03-28,194.8531664294169
2017-03-29,-492.57037392934944
2017-03-30,420.7843612541692
2017-03-31,-290.65742563303866
2017-04-01,5046.739979248174
2017-04-02,669.6053246308074
2017-04-03,-1170.1891891256455
2017-04-04,437.064082205874
2017-04-05,63.78273142047328
2017-04-06,978.3296848316604
2017-04-07,854.2583909339155
2017-04-08,-1050.9393324120465
2017-04-09,-152.06152199503413
2017-04-10,-628.6484568065935
2017-04-11,440.5708883018924
2017-04-12,236.34192855497167
2017-04-13,154.21941815361788
2017-04-14,305.5086406699702
2017-04-15,-948.9689583141662
2017-04-16,110.00262212131202
2017-04-17,-186.51736989636993
2017-04-18,145.89224104963068
2017-04-19,294.63256299977365
2017-04-20,327.9620226293082
2017-04-21,106.3373223271301
2017-04-22,-787.6926582800515
2017-04-23,643.5467529512171
2017-04-24,-847.9496334386422
2017-04-25,381.2402996769124
2017-04-26,-50.75628802112624
2017-04-27,117.72641763760839
2017-04-28,515.0281585953599
2017-04-29,-898.7531761333812
2017-04-30,228.20689910602232
2017-05-01,1544.1528727665864
2017-05-02,965.136363544334
2017-05-03,-117.53382457750922
2017-05-04,337.98818385557024
2017-05-05,562.6673336691383
2017-05-06,119.01380899280775
2017-05-07,159.01194218190358
2017-05-08,-1387.6372772070172
2017-05-09,372.1955930679469
2017-05-10,184.9927908795289
2017-05-11,332.30968988948734
2017-05-12,-275.9869660809927
2017-05-13,307.11772732905956
2017-05-14,170.35772429851932
2017-05-15,-1095.5835336896052
2017-05-16,357.21805317596227
2017-05-17,-276.4330936694023
2017-05-18,260.99412119180124
2017-05-19,466.8395521217244
2017-05-20,110.95249564229016
2017-05-21,260.04714846253773
2017-05-22,-880.0928522222785
2017-05-23,-265.10624956548054
2017-05-24,332.9822796703156
2017-05-25,80.46116770293156
2017-05-26,184.54400794911635
2017-05-27,-315.1580989842987
2017-05-28,15.011055637805839
2017-05-29,-244.55818581583299
2017-05-30,-352.6083490379169
2017-05-31,623.5525688383132
2017-06-01,1728.0969199920073
2017-06-02,197.69432731464622
2017-06-03,750.4566453921361
2017-06-04,218.129611864053
2017-06-05,-964.0603301554002
2017-06-06,941.7148606872142
2017-06-07,126.20942803197977
2017-06-08,-466.64190317602333
2017-06-09,-309.9834103201574
2017-06-10,378.97444631604594
2017-06-11,164.04666345404257
2017-06-12,-535.2075460580381
2017-06-13,475.9670918634147
2017-06-14,123.7161894273886
2017-06-15,-746.2136731731298
2017-06-16,70.61878409082419
2017-06-17,483.494358429969
2017-06-18,-160.33507828821894
2017-06-19,71.07910523591272
2017-06-20,-114.36957477855321
2017-06-21,-8.762796043061826
2017-06-22,-532.9113951163381
2017-06-23,406.1263919127887
2017-06-24,-477.41460204247414
2017-06-25,464.46634205210285
2017-06-26,54.42713323380303
2017-06-27,-63.51636533378769
2017-06-28,-292.3129955685217
2017-06-29,367.9071671307174
2017-06-30,-425.21397881308803
2017-07-01,2986.906526841907
2017-07-02,339.8833418375798
2017-07-03,-1081.0761363027195
2017-07-04,379.6808877401345
2017-07-05,29.551288403963554
2017-07-06,315.4103194017298
2017-07-07,765.5855111701167
2017-07-08,-1628.789664595497
2017-07-09,720.935100370938
2017-07-10,-440.900891896581
2017-07-11,495.6400301489848
2017-07-12,-26.368860036775004
2017-07-13,-148.6205623092028
2017-07-14,810.2980072728969
2017-07-15,-814.3015931477494
2017-07-16,204.502648956739
2017-07-17,-217.01143619276627
2017-07-18,-267.6727523022637
2017-07-19,447.91296506165236
2017-07-20,-18.41742885018175
2017-07-21,-77.29659381120291
2017-07-22,209.73379138836754
2017-07-23,-258.2742970606414
2017-07-24,-19.359907276742888
2017-07-25,18.385040876724815
2017-07-26,-5.65357940607646
2017-07-27,-3.5539612775319256
2017-07-28,-621.1919341981484
2017-07-29,248.8743643014168
2017-07-30,195.81072507598583
2017-07-31,113.49381873192033
2017-08-01,-4277.0352800105975
2017-08-02,-351.5147589276894
2017-08-03,-560.6050020112889
2017-08-04,-443.1485744639285
2017-08-05,-890.2119417857175
2017-08-06,-892.4072425651393
2017-08-07,1661.0514265444363
2017-08-08,667.5110636969039
2017-08-09,-387.7042712798284
2017-08-10,-7.496950536064105
2017-08-11,-567.8735756438036
2017-08-12,-369.5025536167741
2017-08-13,-533.7145136149775
2017-08-14,364.45081070758897
2017-08-15,767.550985711965
2017-08-16,81.54508769050517
2017-08-17,-38.07180424040416
2017-08-18,-133.04964530701545
2017-08-19,-178.7426464555756
2017-08-20,95.66375197558227
2017-08-21,-312.35775431863294
2017-08-22,790.170872983781
2017-08-23,-408.82778961279837
2017-08-24,-57.56353302705247
2017-08-25,-309.3826271856524
2017-08-26,426.60439459673944
2017-08-27,-366.18765495574917
2017-08-28,397.36106348268004
2017-08-29,-12.62360095870099
2017-08-30,-185.49318397304887
2017-08-31,-8.682353064563358
2017-09-01,-2549.5255086008547
2017-09-02,-491.64147320686607
2017-09-03,-756.889558195413
2017-09-04,1330.2614206938197
2017-09-05,-750.1773262015886
2017-09-06,179.6998812597667
2017-09-07,-424.28433539070465
2017-09-08,1153.6254446185558
2017-09-09,-1043.6787566610656
2017-09-10,293.96833723380405
2017-09-11,237.59871364547507
2017-09-12,-243.71059461981713
2017-09-13,156.4757928611216
2017-09-14,-330.7072020379819
2017-09-15,118.06762734947188
2017-09-16,143.45950735545193
2017-09-17,-338.7257426667202
2017-09-18,306.4371741945215
2017-09-19,-20.551045185438852
2017-09-20,202.11363024310776
2017-09-21,-476.6913847879732
2017-09-22,258.82670644790414
2017-09-23,-259.05773043176305
2017-09-24,-195.53834122289845
2017-09-25,607.5698384520183
2017-09-26,-244.08751129206576
2017-09-27,216.05097891562036
2017-09-28,-506.53416448284406
2017-09-29,283.6012494589995
2017-09-30,-196.44070911687595
2017-10-01,-2848.694679769913
2017-10-02,1043.8418514583682
