Family,Model,Protocol,MAE,RMSE,MAPE,Source
SARIMAX,"SARIMAX(1, 1, 1)x(1, 1, 1, 7)",rolling_one_step_refit_false,619.3768058286748,1222.8489456598231,2.572304367758876,Person 1
SARIMAX,"SARIMAX(2, 1, 1)x(1, 1, 1, 7)",rolling_one_step_refit_false,608.2216546440651,1223.8481118954926,2.5286840847451773,Person 1
SARIMAX,"SARIMAX(0, 1, 1)x(0, 1, 1, 7)",rolling_one_step_refit_false,574.7411271084158,1237.4257919114048,2.416837435102282,Person 1
SARIMAX,"SARIMAX(1, 1, 0)x(1, 1, 0, 7)",rolling_one_step_refit_false,596.6109415014764,1334.3116110406463,2.4571855070114994,Person 1
Machine Learning,Random Forest,rolling_one_step,671.5408126610008,1387.4784356795697,2.7093202949535558,Person 2
Baseline,Seasonal-Naive (7 days ago),rolling_one_step_reference,1154.6444444444444,2674.646115740257,4.748864737919413,Person 1
Baseline,Seasonal Naive,rolling_one_step,1154.6444444444444,2674.646115740257,4.748864737919413,Person 2
ARIMA,"ARIMA(2, 0, 1)",rolling_one_step_refit_false,2959.864569231047,3865.417352254436,11.708834376869362,Person 1
ARIMA,"ARIMA(1, 1, 1)",rolling_one_step_refit_false,2954.5477604899784,3881.547687497138,11.736622075816683,Person 1
ARIMA,"ARIMA(2, 1, 1)",rolling_one_step_refit_false,2984.876791639326,3953.214178747103,12.003689737167004,Person 1
ARIMA,"ARIMA(1, 0, 1)",rolling_one_step_refit_false,3284.062244541582,4002.26369477405,12.822103328249352,Person 1
ARIMA,"ARIMA(0, 1, 1)",rolling_one_step_refit_false,3294.0096607189857,4019.591081694067,12.893886864307394,Person 1
ARIMA,"ARIMA(1, 0, 0)",rolling_one_step_refit_false,3046.2221533306674,4110.835939614464,11.887152225782508,Person 1
ARIMA,"ARIMA(1, 1, 0)",rolling_one_step_refit_false,2926.0289625817736,4231.595309227653,11.727757074021827,Person 1
Baseline,Naive (yesterday),rolling_one_step_reference,3108.0777777777776,4500.752414874651,12.66351824153929,Person 1
Baseline,Naive,rolling_one_step,3108.0777777777776,4500.752414874651,12.66351824153929,Person 2
