date,Residual
2017-10-03,-390.75635978836726
2017-10-04,-1549.3050132275057
2017-10-05,95.97709668110474
2017-10-06,-134.73613756613122
2017-10-07,89.50624338625494
2017-10-08,553.2625277777915
2017-10-09,237.21664550263813
2017-10-10,-713.1846446608797
2017-10-11,-43.08255952379841
2017-10-12,72.0737777777831
2017-10-13,266.931806878325
2017-10-14,577.532924603187
2017-10-15,-361.7022738095329
2017-10-16,183.53297089945772
2017-10-17,385.94203968254806
2017-10-18,-665.2791904761871
2017-10-19,210.70399206349612
2017-10-20,-222.93939285714077
2017-10-21,-28.60798809523476
2017-10-22,74.41195238095679
2017-10-23,168.20551851850178
2017-10-24,-233.64420418469308
2017-10-25,-169.95904761903512
2017-10-26,-259.1914047618884
2017-10-27,101.51855555555449
2017-10-28,-128.54804761904597
2017-10-29,-108.35340343913413
2017-10-30,-58.08387830688298
2017-10-31,175.70607936508532
2017-11-01,907.2390714285721
2017-11-02,1066.8833412698405
2017-11-03,209.38873015871286
2017-11-04,1120.5252341269734
2017-11-05,334.9087619047641
2017-11-06,1440.5019682539823
2017-11-07,2111.665997354503
2017-11-08,-167.16039417989668
2017-11-09,144.22419841269584
2017-11-10,67.66333068784297
2017-11-11,-230.89090079363814
2017-11-12,1172.59669047621
2017-11-13,-74.41385449734662
2017-11-14,4.110773809534294
2017-11-15,-236.08213624338168
2017-11-16,126.4251388888697
2017-11-17,-5.939531746014836
2017-11-18,401.86592460318207
2017-11-19,-341.3555608465613
2017-11-20,-62.742937830676965
2017-11-21,197.8296904761919
2017-11-22,-516.9426322751242
2017-11-23,656.0776746031624
2017-11-24,-204.52909523807466
2017-11-25,259.5451931217176
2017-11-26,263.0975357142888
2017-11-27,-220.91960052909417
2017-11-28,152.4521587301606
2017-11-29,-146.65034523808572
2017-11-30,87.23526587300148
2017-12-01,-8093.52713888888
2017-12-02,-4389.314158730154
2017-12-03,-2894.853496031741
2017-12-04,-5965.182284391532
2017-12-05,-679.9038382635918
2017-12-06,-374.2513382635989
2017-12-07,-713.6450135882769
2017-12-08,686.5690066137577
2017-12-09,704.6292460317418
2017-12-10,3010.819840548349
2017-12-11,81.95650000000751
2017-12-12,181.64036375661817
2017-12-13,507.0866428571462
2017-12-14,200.28259523810266
2017-12-15,470.4979537037034
2017-12-16,570.7837500000023
2017-12-17,2962.567931818179
2017-12-18,252.05791798941937
2017-12-19,424.85640873015655
2017-12-20,156.0286494708962
2017-12-21,295.84292063491375
2017-12-22,418.5388452380939
2017-12-23,307.707416666668
2017-12-24,1092.3296838624374
2017-12-25,-47.37452248676709
2017-12-26,507.6421984126973
2017-12-27,-46.500449735449365
2017-12-28,-106.62183465608541
2017-12-29,500.1625436507893
2017-12-30,953.9025873015962
2017-12-31,1649.8367156084678
